-- +goose Up
-- +goose StatementBegin

INSERT INTO users
	(id,user_name,user_password)
VALUES
	(1, 'Moon11ight', '291100');

INSERT INTO authors
	(id, author_name, year_b, country)
VALUES
	(1, 'К.Рассел', 1956, 'Англия'),
	(2, 'С.Кинг', 1947, 'США'),
	(3, 'Г.Робертс', 1952, 'Австралия'),
	(4, 'Д.Киз', 1927, 'США'),
	(5, 'Д.Оруэлл', 1903, 'Англия'),
	(6, 'К.Иггульден', 1971, 'Англия'),
	(7, 'Е.Тумановский', 1971, 'Россия'),
	(8, 'О.Хаксли', 1894, 'Англия'),
	(9, 'П.Зюскинд', 1949, 'Германия'),
	(10, 'С.Недоруб', 1982, 'Россия'),
	(11, 'Ч.Хаохуэй', 1977, 'Китай'),
	(12, 'Э.М.Ремарк', 1898, 'Германия'),
	(13, 'Э.Найдерман', 1940, 'США'),
	(14, 'Ю.Тоденхёфер', 1940, 'Германия'),
	(15, 'Я.Вагнер', 1973, 'Россия'),
	(16, 'С.Цормудян', 1978, 'Россия'),
	(17, 'Л.Толстой', 1828, 'Россия'),
	(18, 'П.Каланити', 1977, 'США'),
	(19, 'А.Буторин', 1962, 'Россия'),
	(20, 'Г.Сенкевич', 1846, 'Польша'),
	(21, 'М.Корелли', 1855, 'Англия'),
	(22, 'А.Солженицын', 1918, 'Россия'),
	(23, 'Д.Глуховский', 1979, 'Россия'),
	(24, 'Д.Лондон', 1876, 'США'),
	(25, 'А.Гарридо', 1963, 'Испания'),
	(26, 'А.Гравицкий', 1978, 'Россия'),
	(27, 'В.Желнов', 1978, 'Россия'),
	(28, 'З.Прилепин', 1975, 'Россия'),
	(29, 'Д.Фаулз', 1926, 'Англия'),
	(30, 'О.Уайлд', 1854, 'Ирландия'),
	(31, 'А.Евдокимов', 1977, 'Россия'),
	(32, 'А.Зорич', 1973, 'Украина'),
	(33, 'А.Калугин', 1963, 'Россия'),
	(34, 'В.Васильев', 1967, 'Россия'),
	(35, 'В.Шалыгин', 1968, 'Россия'),
	(36, 'Д.Янковский', 1967, 'Россия'),
	(37, 'К.Онсу', 1972, 'Южная Корея'),
	(38, 'Р.Глушков', 1975, 'Россия'),
	(39, 'Р.Шеперд', 1953, 'Англия'),
	(40, 'С.Палий', 1979, 'Россия'),
	(41, 'Э.Сафарли', 1984, 'Азербайджан'),
	(42, 'И.Вардунас', 1983, 'Россия'),
	(43, 'О.де Бальзак', 1799, 'Франция'),
	(44, 'С.Шах', 1969, 'США'),
	(45, 'С.Уэстаби', 1948, 'Англия'),
	(46, 'С.Кавана', 1976, 'Англия'),
	(47, 'А.Камю', 1913, 'Франция'),
	(48, 'С.Уотсон', 1971, 'Англия'),
	(49, 'А.Лукьянов', 1976, 'Россия'),
	(50, 'К.Гамсун', 1859, 'Норвегия'),
	(51, 'М.Булгаков', 1891, 'Россия'),
	(52, 'М.Панке', 1964, 'США'),
	(53, 'О.Сакс', 1933, 'Англия'),
	(54, 'Р.Бредбери', 1920, 'США'),
	(55, 'Т.Султанов', 1940, 'Казахстан'),
	(56, 'А.Шакилов', 1978, 'Украина'),
	(57, 'А.Дьяков', 1978, 'Россия'),
	(58, 'М.Мэнсон', 1984, 'США'),
	(59, 'Р.Савьяно', 1979, 'Италия'),
	(60, 'Ф.Кафка', 1883, 'Австрия'),
	(61, 'А.Пушкин', 1799, 'Россия'),
	(62, 'Ф.Фицджеральд', 1896, 'США'),
	(63, 'И.Федотов', 1940, 'Россия'),
	(64, 'С.Протеро', 1960, 'США'),
	(65, 'Д.Сэлинджер', 1919, 'США'),
	(66, 'К.Прист', 1943, 'Англия'),
	(67, 'А.Тихонов', 1990, 'Россия'),
	(68, 'Ш.Врочек', 1976, 'Россия'),
	(69, 'Ч.Ломброззо', 1835, 'Италия'),
	(70, 'Д.Силлов', 1970, 'Россия'),
	(71, 'П.Коэльо', 1947, 'Бразилия'),
	(72, 'М.Лермонтов', 1814, 'Россия'),
	(73, 'Ф.Достоевский', 1821, 'Россия'),
	(74, 'А.Карр', 1934, 'Англия'),
	(75, 'О.Дадзай', 1909, 'Япония'),
	(76, 'В.Точинов', 1966, 'Россия');

INSERT INTO covers
	(id, original_name, created_at)
VALUES
	(1, '3_tov.jpg', '2025-07-29 19:25:52.687920'),
	(2, '10_days_in.jpg', '2025-07-29 19:26:12.180484'),
	(3, '13_sektor.webp', '2025-07-29 19:26:26.259413'),
	(4, '1948.jpg', '2025-07-29 19:26:34.695579'),
	(5, '2033.webp', '2025-07-29 19:26:57.018591'),
	(6, '2035.webp', '2025-07-29 19:27:00.905720'),
	(7, 'advokat_diavola.webp', '2025-07-29 19:27:08.587540'),
	(8, 'anomal_kanik.webp', '2025-07-29 19:27:16.300390'),
	(9, 'arh_gulag.jpg', '2025-07-29 19:27:25.007198'),
	(10, 'asp_dya.jpg', '2025-07-29 19:27:34.116232'),
	(11, 'begl_ogon.webp', '2025-07-29 19:27:41.684507'),
	(12, 'bel_klyk.webp', '2025-07-29 19:27:49.902625'),
	(13, 'bunt_i_myat.jpg', '2025-07-29 19:28:10.206835'),
	(14, 'chern_angel.webp', '2025-07-29 19:28:18.852175'),
	(15, 'chit_po_telam.jpg', '2025-07-29 19:28:27.265716'),
	(16, 'cvet_dl_eldj.webp', '2025-07-29 19:28:35.661568'),
	(17, 'div_nov_mir.jpg', '2025-07-29 19:29:27.373061'),
	(18, 'doch_neb_duh.webp', '2025-07-29 19:29:27.373061'),
	(19, 'epic_udach.webp', '2025-07-29 19:29:27.373061'),
	(20, 'gengiz.jpg', '2025-07-29 19:29:27.373061'),
	(21, 'holod_krov.webp', '2025-07-29 19:29:27.373061'),
	(22, 'hrupk_zhizn.jpg', '2025-07-29 19:29:27.373061'),
	(23, 'klin.webp', '2025-07-29 19:30:21.195064'),
	(24, 'kogda_dyh_rast_vozd.jpg', '2025-07-29 19:30:21.195064'),
	(25, 'kollekcioner.webp', '2025-07-29 19:30:21.195064'),
	(26, 'kras_var.webp', '2025-07-29 19:30:21.195064'),
	(27, 'led_plen.webp', '2025-07-29 19:30:21.195064'),
	(28, 'mechta_na_por.webp', '2025-07-29 19:30:21.195064'),
	(29, 'mertv_zona.jpg', '2025-07-29 19:30:21.195064'),
	(30, 'mne_tebya_obech.webp', '2025-07-29 19:30:21.195064'),
	(31, 'monohrom.webp', '2025-07-29 19:30:21.195064'),
	(32, 'mutant.webp', '2025-07-29 19:30:21.195064'),
	(33, 'nasled_predkov.webp', '2025-07-29 19:31:10.830727'),
	(34, 'neest_prich.webp', '2025-07-29 19:31:10.830727'),
	(35, 'osada_raya.webp', '2025-07-29 19:31:10.830727'),
	(36, 'pandemia.jpg', '2025-07-29 19:31:10.830727'),
	(37, 'parfumer.webp', '2025-07-29 19:31:10.830727'),
	(38, 'patologii.webp', '2025-07-29 19:31:10.830727'),
	(39, 'pesoch_chas.webp', '2025-07-29 19:31:10.830727'),
	(40, 'pisma_smerti.webp', '2025-07-29 19:31:10.830727'),
	(41, 'planirovchiki.jpg', '2025-07-29 19:31:10.830727'),
	(42, 'portr_dor_gray.jpg', '2025-07-29 19:31:10.830727'),
	(43, 'pryatki_na_osevoy.webp', '2025-07-29 19:32:08.939992'),
	(44, 'put_prokl.webp', '2025-07-29 19:32:08.939992'),
	(45, 'quo_vadis.jpg', '2025-07-29 19:32:08.939992'),
	(46, 'reactor.webp', '2025-07-29 19:32:08.939992'),
	(47, 'sever.webp', '2025-07-29 19:32:08.939992'),
	(48, 'shant.webp', '2025-07-29 19:32:08.939992'),
	(49, 'sharg_kozha.jpg', '2025-07-29 19:32:08.939992'),
	(50, 'shtyk.webp', '2025-07-29 19:32:08.939992'),
	(51, 'skorb_sat.jpg', '2025-07-29 19:32:08.939992'),
	(52, 'slep_trop.webp', '2025-07-29 19:33:03.195064'),
	(53, 'strannik.webp', '2025-07-29 19:33:03.195064'),
	(54, 'sumerki.webp', '2025-07-29 19:33:03.195064'),
	(55, 'svinc_zakat.webp', '2025-07-29 19:33:03.195064'),
	(56, 'Svyazannye_Zonoy.webp', '2025-07-29 19:33:03.195064'),
	(57, 'tayn_polt.webp', '2025-07-29 19:33:03.195064'),
	(58, 'ten_gory.jpg', '2025-07-29 19:33:03.195064'),
	(59, 'ten_yak.jpg', '2025-07-29 19:33:03.195064'),
	(60, 'text.jpg', '2025-07-29 19:33:03.195064'),
	(61, 'tri_smerti.jpg', '2025-07-29 19:33:57.284830'),
	(62, 'uchen_yak.webp', '2025-07-29 19:33:57.284830'),
	(63, 'v_zone_tumana.webp', '2025-07-29 19:33:57.284830'),
	(64, 'volhv.webp', '2025-07-29 19:33:57.284830'),
	(65, 'vongozero.jpg', '2025-07-29 19:33:57.284830'),
	(66, 'vrag.jpg', '2025-07-29 19:33:57.284830'),
	(67, 'zachistka.webp', '2025-07-29 19:33:57.284830'),
	(68, 'zel_mil.jpg', '2025-07-29 19:33:57.284830'),
	(69, 'zhivye_lydi.webp', '2025-07-29 19:33:57.284830'),
	(70, 'ger_nash_vrem.jpg', '2025-07-29 20:06:50.080296'),
	(71, 'na_zap_fr_bez_p.jpg', '2025-07-29 20:08:55.495738'),
	(72, 'skot_dvor.jpg', '2025-07-29 20:11:32.070370'),
	(73, 'bedn_lyd.jpg', '2025-07-29 20:14:40.070395'),
	(74, 'post.jpg', '2025-07-29 20:19:13.704013');

INSERT INTO rate_books
	(id, title, author_id, year_public, year_read, rate, cover_id, book_owner, time_stamp)
VALUES
	(1, 'Тень Якудзы', 70, 2011, 2016, 10, 59, 1, '2025-06-14 11:06:08.675536'),
	(2, 'Аспект Дьявола', 1, 2018, 2023, 10, 10, 1, '2025-06-14 11:06:08.675536'),
	(3, 'Зеленая миля', 2, 1996, 2019, 10, 68, 1, '2025-06-14 11:06:08.675536'),
	(4, 'Шантарам', 3, 2003, 2018, 10, 48, 1, '2025-06-14 11:06:08.675536'),
	(5, 'Цветы для Элджернона', 4, 1966, 2020, 10, 16, 1, '2025-06-14 11:06:08.675536'),
	(6, '!1984!', 5, 1948, 2018, 10, 4, 1, '2025-06-14 11:06:08.675536'),
	(7, 'Чингисхан', 6, 2016, 2019, 10, 20, 1, '2025-06-14 11:06:08.675536'),
	(8, 'Тень горы', 3, 2012, 2018, 10, 58, 1, '2025-06-14 11:06:08.675536'),
	(9, 'S.T.A.L.K.E.R. Связанные зоной', 7, 2009, 2014, 9, 56, 1, '2025-06-14 11:06:08.675536'),
	(10, 'О дивный новый мир', 8, 1932, 2018, 9, 17, 1, '2025-06-14 11:06:08.675536'),
	(11, 'Парфюмер', 9, 1985, 2018, 9, 37, 1, '2025-06-14 11:06:08.675536'),
	(12, 'S.T.A.L.K.E.R. Тайна полтергейста', 10, 2010, 2014, 9, 57, 1, '2025-06-14 11:06:08.675536'),
	(13, 'Письма смерти', 11, 2021, 2022, 9, 40, 1, '2025-06-14 11:06:08.675536'),
	(14, 'Три товарища', 12, 1936, 2022, 9, 1, 1, '2025-06-14 11:06:08.675536'),
	(15, 'Адвокат дьявола', 13, 1990, 2023, 9, 7, 1, '2025-06-14 11:06:08.675536'),
	(16, '10 дней в ИГ', 14, 2017, 2023, 9, 2, 1, '2025-06-14 11:06:08.675536'),
	(17, 'Живые люди', 15, 2013, 2023, 9, 69, 1, '2025-06-14 11:06:08.675536'),
	(18, 'МЕТРО 2033 Наследие предков', 16, 2012, 2017, 9, 33, 1, '2025-06-14 11:06:08.675536'),
	(19, 'Три смерти', 17, 1859, 2025, 9, 61, 1, '2025-06-14 11:06:08.675536'),
	(20, 'Когда дыхание растворяется в воздухе', 18, 2016, 2024, 9, 24, 1, '2025-06-14 11:06:08.675536'),
	(21, 'Мертвая зона', 2, 1979, 2023, 9, 29, 1, '2025-06-14 11:06:08.675536'),
	(22, 'МЕТРО 2033 Север', 19, 2010, 2017, 9, 47, 1, '2025-06-14 11:06:08.675536'),
	(23, 'Камо грядеши', 20, 1892, 2020, 9, 45, 1, '2025-06-14 11:06:08.675536'),
	(24, 'Скорбь Сатаны', 21, 1895, 2025, 9, 51, 1, '2025-06-14 11:06:08.675536'),
	(25, 'Ученик Якудзы', 70, 2011, 2014, 8, 62, 1, '2025-06-14 11:06:08.675536'),
	(26, 'Архипелаг ГуЛаг', 22, 1973, 2024, 8, 9, 1, '2025-06-14 11:06:08.675536'),
	(27, 'Текст', 23, 2019, 2020, 8, 60, 1, '2025-06-14 11:06:08.675536'),
	(28, 'Белый клык', 24, 1906, 2014, 8, 12, 1, '2025-06-14 11:06:08.675536'),
	(29, 'МЕТРО 2033 Дочь небесного духа', 19, 2013, 2017, 8, 18, 1, '2025-06-14 11:06:08.675536'),
	(30, 'МЕТРО 2033 Осада рая', 19, 2011, 2017, 8, 35, 1, '2025-06-14 11:06:08.675536'),
	(31, 'Читающий по телам', 25, 2012, 2019, 8, 15, 1, '2025-06-14 11:06:08.675536'),
	(32, 'S.T.A.L.K.E.R. В зоне тумана', 26, 2009, 2014, 8, 63, 1, '2025-06-14 11:06:08.675536'),
	(33, 'МЕТРО 2033 Реактор', 27, 2019, 2022, 8, 46, 1, '2025-06-14 11:06:08.675536'),
	(34, 'Патологии', 28, 2005, 2024, 8, 38, 1, '2025-06-14 11:06:08.675536'),
	(35, 'Волхв', 29, 1965, 2019, 8, 64, 1, '2025-06-14 11:06:08.675536'),
	(36, 'Портрет Дориана Грея', 30, 1890, 2019, 8, 42, 1, '2025-06-14 11:06:08.675536'),
	(37, 'Враг', 12, 1930, 2020, 8, 66, 1, '2025-06-14 11:06:08.675536'),
	(38, 'Бунтари и мятежники', 31, 2020, 2024, 8, 13, 1, '2025-06-14 11:06:08.675536'),
	(39, 'Вонгозеро', 15, 2011, 2023, 8, 65, 1, '2025-06-14 11:06:08.675536'),
	(40, 'S.T.A.L.K.E.R. Клин', 19, 2011, 2019, 8, 23, 1, '2025-06-14 11:06:08.675536'),
	(41, 'МЕТРО 2033 Странник', 16, 2010, 2018, 8, 53, 1, '2025-06-14 11:06:08.675536'),
	(42, 'S.T.A.L.K.E.R. Зачистка', 26, 2010, 2017, 7, 67, 1, '2025-06-14 11:06:08.675536'),
	(43, 'S.T.A.L.K.E.R. Аномальные каникулы', 26, 2011, 2020, 7, 8, 1, '2025-06-14 11:06:08.675536'),
	(44, 'S.T.A.L.K.E.R. Беглый огонь', 32, 2009, 2014, 7, 11, 1, '2025-06-14 11:06:08.675536'),
	(45, 'S.T.A.L.K.E.R. Мечта на поражение', 33, 2008, 2014, 7, 28, 1, '2025-06-14 11:06:08.675536'),
	(46, 'S.T.A.L.K.E.R. Прятки на осевой', 34, 2010, 2014, 7, 43, 1, '2025-06-14 11:06:08.675536'),
	(47, 'S.T.A.L.K.E.R. Чёрный ангел', 35, 2008, 2014, 7, 14, 1, '2025-06-14 11:06:08.675536'),
	(48, 'МЕТРО 2035', 23, 2015, 2018, 7, 6, 1, '2025-06-14 11:06:08.675536'),
	(49, 'Сумерки', 23, 2010, 2018, 7, 54, 1, '2025-06-14 11:06:08.675536'),
	(50, 'Коллекционер', 29, 1963, 2019, 7, 25, 1, '2025-06-14 11:06:08.675536'),
	(51, 'S.T.A.L.K.E.R. Эпицентр удачи', 36, 2008, 2014, 7, 19, 1, '2025-06-14 11:06:08.675536'),
	(52, 'S.T.A.L.K.E.R. Тринадцатый сектор', 35, 2008, 2014, 7, 3, 1, '2025-06-14 11:06:08.675536'),
	(53, 'S.T.A.L.K.E.R. Штык', 7, 2010, 2015, 7, 50, 1, '2025-06-14 11:06:08.675536'),
	(54, 'Планировщики', 37, 2019, 2021, 7, 41, 1, '2025-06-14 11:06:08.675536'),
	(55, 'S.T.A.L.K.E.R. Свинцовый закат', 38, 2008, 2014, 7, 55, 1, '2025-06-14 11:06:08.675536'),
	(56, 'S.T.A.L.K.E.R. Холодная кровь', 38, 2008, 2014, 7, 21, 1, '2025-06-14 11:06:08.675536'),
	(57, 'Неестественные причины', 39, 1992, 2024, 7, 34, 1, '2025-06-14 11:06:08.675536'),
	(58, 'S.T.A.L.K.E.R. Песочные часы', 10, 2008, 2014, 7, 39, 1, '2025-06-14 11:06:08.675536'),
	(59, 'S.T.A.L.K.E.R. Монохром', 40, 2010, 2014, 7, 31, 1, '2025-06-14 11:06:08.675536'),
	(60, 'МЕТРО 2033', 23, 2005, 2016, 7, 5, 1, '2025-06-14 11:06:08.675536'),
	(61, 'Мне тебя обещали', 41, 2014, 2020, 7, 30, 1, '2025-06-14 11:06:08.675536'),
	(62, 'МЕТРО 2035 Красный вариант', 10, 2018, 2022, 7, 26, 1, '2025-06-14 11:06:08.675536'),
	(63, 'МЕТРО 2033 Ледяной плен', 42, 2011, 2018, 7, 27, 1, '2025-06-14 11:06:08.675536'),
	(64, 'МЕТРО 2033 Путь проклятых', 42, 2016, 2018, 7, 44, 1, '2025-06-14 11:06:08.675536'),
	(65, 'МЕТРО 2033 Слепая тропа', 42, 2019, 2018, 7, 52, 1, '2025-06-14 11:06:08.675536'),
	(66, 'Шагреневая кожа', 43, 1831, 2025, 7, 49, 1, '2025-06-14 11:06:08.675536'),
	(67, 'Пандемия. Всемирная история смертельных вирусов', 44, 2016, 2025, 7, 36, 1, '2025-06-14 11:06:08.675536'),
	(68, 'Хрупкие жизни', 45, 2018, 2024, 7, 22, 1, '2025-06-14 11:06:08.675536'),
	(69, 'МЕТРО 2033 Мутант', 19, 2014, 2016, 7, 32, 1, '2025-06-14 11:06:08.675536'),
	(70, 'МЕТРО 2034', 23, 2009, 2018, 6, null, 1, '2025-06-14 11:06:08.675536'),
	(71, 'Защита', 46, 2019, 2020, 6, null, 1, '2025-06-14 11:06:08.675536'),
	(72, 'S.T.A.L.K.E.R. Полный котелок патронов', 32, 2011, 2023, 6, null, 1, '2025-06-14 11:06:08.675536'),
	(73, 'Чума', 47, 1947, 2019, 6, null, 1, '2025-06-14 11:06:08.675536'),
	(74, 'S.T.A.L.K.E.R. Полураспад', 32, 2010, 2020, 6, null, 1, '2025-06-14 11:06:08.675536'),
	(75, 'Алая чума', 24, 1912, 2021, 6, null, 1, '2025-06-14 11:06:08.675536'),
	(76, 'S.T.A.L.K.E.R. Обратный отсчёт', 35, 2007, 2014, 6, null, 1, '2025-06-14 11:06:08.675536'),
	(77, 'S.T.A.L.K.E.R. Дети дупликатора', 34, 2011, 2018, 6, null, 1, '2025-06-14 11:06:08.675536'),
	(78, 'Прежде чем я усну', 48, 2011, 2018, 6, null, 1, '2025-06-14 11:06:08.675536'),
	(79, 'S.T.A.L.K.E.R. Жизнь - гарантируем', 49, 2012, 2023, 6, null, 1, '2025-06-14 11:06:08.675536'),
	(80, 'Голод', 50, 1890, 2023, 6, null, 1, '2025-06-14 11:06:08.675536'),
	(81, 'Собачье сердце', 51, 1925, 2023, 6, null, 1, '2025-06-14 11:06:08.675536'),
	(82, 'Выживший', 52, 2002, 2023, 6, null, 1, '2025-06-14 11:06:08.675536'),
	(83, 'Галлюцинации', 53, 2012, 2022, 6, null, 1, '2025-06-14 11:06:08.675536'),
	(84, '451 по Фаренгейту', 54, 1953, 2018, 6, null, 1, '2025-06-14 11:06:08.675536'),
	(85, 'Поднятые на белой кошме', 55, 2006, 2024, 6, null, 1, '2025-06-14 11:06:08.675536'),
	(86, 'МЕТРО 2033 Последний поход', 42, 2015, 2018, 6, null, 1, '2025-06-14 11:06:08.675536'),
	(87, 'S.T.A.L.K.E.R. Клад Стервятника', 32, 2010, 2014, 6, null, 1, '2025-06-14 11:06:08.675536'),
	(88, 'S.T.A.L.K.E.R. Каратели', 56, 2010, 2014, 6, null, 1, '2025-06-14 11:06:08.675536'),
	(89, 'МЕТРО 2033 Во мрак', 57, 2011, 2025, 6, null, 1, '2025-06-14 11:06:08.675536'),
	(90, 'МЕТРО 2033 За горизонт', 57, 2012, 2025, 6, null, 1, '2025-06-14 11:06:08.675536'),
	(91, 'На обратном пути', 12, 1931, 2022, 6, null, 1, '2025-06-14 11:06:08.675536'),
	(92, 'Тонкое искусство пофигизма', 58, 2016, 2022, 5, null, 1, '2025-06-14 11:06:08.675536'),
	(93, 'Пираньи Неаполя', 59, 2019, 2022, 5, null, 1, '2025-06-14 11:06:08.675536'),
	(94, 'S.T.A.L.K.E.R. Горизонт событий', 10, 2011, 2014, 5, null, 1, '2025-06-14 11:06:08.675536'),
	(95, 'S.T.A.L.K.E.R. Признаки жизни', 10, 2011, 2014, 5, null, 1, '2025-06-14 11:06:08.675536'),
	(96, 'Процесс', 60, 1925, 2019, 5, null, 1, '2025-06-14 11:06:08.675536'),
	(97, 'S.T.A.L.K.E.R. Хозяин Янтаря', 56, 2010, 2014, 5, null, 1, '2025-06-14 11:06:08.675536'),
	(98, 'Пиковая дама', 61, 1834, 2019, 5, null, 1, '2025-06-14 11:06:08.675536'),
	(99, 'S.T.A.L.K.E.R. Группа Эскорта', 32, 2011, 2020, 5, null, 1, '2025-06-14 11:06:08.675536'),
	(100, 'Великий Гэтсби', 62, 1925, 2021, 5, null, 1, '2025-06-14 11:06:08.675536'),
	(101, 'S.T.A.L.K.E.R. … чего же еще?', 49, 2012, 2023, 5, null, 1, '2025-06-14 11:06:08.675536'),
	(102, 'S.T.A.L.K.E.R. Удача под контролем', 49, 2017, 2023, 5, null, 1, '2025-06-14 11:06:08.675536'),
	(103, 'S.T.A.L.K.E.R. Два мутанта', 7, 2011, 2017, 5, null, 1, '2025-06-14 11:06:08.675536'),
	(104, '49 дней в океане', 63, 1960, 2021, 5, null, 1, '2025-06-14 11:06:08.675536'),
	(105, '8 Религий, которые правят миром', 64, 2014, 2022, 4, null, 1, '2025-06-14 11:06:08.675536'),
	(106, 'Путь Якудзы', 70, 2012, 2014, 4, null, 1, '2025-06-14 11:06:08.675536'),
	(107, 'Над пропастью во ржи', 65, 1951, 2022, 4, null, 1, '2025-06-14 11:06:08.675536'),
	(108, 'Престиж', 66, 1995, 2022, 4, null, 1, '2025-06-14 11:06:08.675536'),
	(109, 'S.T.A.L.K.E.R. Бумеранг', 40, 2009, 2015, 4, null, 1, '2025-06-14 11:06:08.675536'),
	(110, 'S.T.A.L.K.E.R. Исповедь Зверя', 67, 2009, 2023, 3, null, 1, '2025-06-14 11:06:08.675536'),
	(111, 'Алхимик', 71, 1988, 2020, 3, null, 1, '2025-06-14 11:06:08.675536'),
	(112, 'S.T.A.L.K.E.R. Хаоспатрон', 35, 2013, 2023, 3, null, 1, '2025-06-14 11:06:08.675536'),
	(113, 'S.T.A.L.K.E.R. Агония совести', 67, 2009, 2023, 3, null, 1, '2025-06-14 11:06:08.675536'),
	(114, 'S.T.A.L.K.E.R. Счастье даром (Сборник)', 67, 2012, 2022, 3, null, 1, '2025-06-14 11:06:08.675536'),
	(115, 'МЕТРО 2033 Питер', 68, 2010, 2022, 3, null, 1, '2025-06-14 11:06:08.675536'),
	(116, 'Гениальность и помешательство', 69, 1891, 2021, 3, null, 1, '2025-06-14 11:06:08.675536'),
	(117, 'S.T.A.L.K.E.R. Личность клиента', 10, 2012, 2024, 3, null, 1, '2025-06-14 11:06:08.675536'),
	(118, 'S.T.A.L.K.E.R. Агрессия', 35, 2012, 2024, 3, null, 1, '2025-06-14 11:06:08.675536'),
	(119, 'S.T.A.L.K.E.R. Ржавчина', 33, 2010, 2024, 2, null, 1, '2025-06-14 11:06:08.675536'),
	(120, 'S.T.A.L.K.E.R. Противостояние', 35, 2010, 2024, 2, null, 1, '2025-06-14 11:06:08.675536'),
	(121, 'Кто не спрятался', 15, 2017, 2024, 2, null, 1, '2025-06-14 11:06:08.675536'),
	(122, 'S.T.A.L.K.E.R. Свинцовый шквал', 35, 2010, 2024, 2, null, 1, '2025-06-14 11:06:08.675536'),
	(123, 'S.T.A.L.K.E.R. Что есть истина (Сборник)', 67, 2009, 2023, 3, null, 1, '2025-06-14 11:06:08.675536'),
	(134, 'МЕТРО 2035 Защита Ковача', 76, 2020, 2025, 5, null, 1, '2025-07-29 20:21:44.427767'),
	(135, 'На западном фронте без перемен', 12, 1928, 2025, 9, 71, 1, '2025-07-29 20:10:10.627871'),
	(136, 'Герой нашего времени', 72, 1840, 2025, 7, 70, 1, '2025-07-29 20:06:17.477606'),
	(137, 'Бедные люди', 73, 1846, 2025, 7, 73, 1, '2025-07-29 20:15:00.896908'),
	(138, 'Простой способ перестать курить', 74, 1985, 2025, 5, null, 1, '2025-07-29 20:16:16.992800'),
	(139, 'Пост', 23, 2021, 2025, 8, 74, 1, '2025-07-29 20:19:58.909310'),
	(140, 'Человек недостойный', 75, 1948, 2025, 6, null, 1, '2025-07-29 20:17:22.242698'),
	(141, 'Скотный двор', 5, 1945, 2025, 8, 72, 1, '2025-07-29 20:12:16.097128');

-- +goose StatementEnd

-- +goose Down
-- +goose StatementBegin
DELETE FROM rate_books;
DELETE FROM authors;
DELETE FROM users;
-- +goose StatementEnd
